Workbook

Sheet Form Responses 1
A1: Timestamp | B1: Score | C1: Which of the following Bartholomew Bear variations would you consider purchasing for yourself? (Select all that apply) | D1: If the variations above were available, would you still consider purchasing the original Bartholomew Bear for yourself? | E1: Column 8 | F1: Which of the following attributes most strongly determines your decision to purchase a Bartholomew Bear? | G1: Gender | H1: Age
A2: 45800.517 | B2: 0 | C2: Bathrobe Bartholomew, Bumblebee Bartholomew, Strawberry Bartholomew | D2: Yes | E2: 1 | F2: Cuteness | G2: Female | H2: 23
A3: 45800.521 | B3: 0 | C3: Bathrobe Bartholomew, Bedtime Bartholomew, Pumpkin Bartholomew | D3: Yes | E3: 1 | F3: Cuteness | G3: Male | H3: 22
A4: 45800.522 | B4: 0 | C4: Heartthrob Bartholomew, Strawberry Bartholomew | D4: No | E4: 0 | F4: Cuteness | G4: Female | H4: 22
A5: 45800.523 | B5: 0 | C5: Eggplant Bartholomew | D5: Yes | E5: 1 | F5: Cuteness | G5: Female | H5: 23
A6: 45800.524 | B6: 0 | C6: Bathrobe Bartholomew, Eggplant Bartholomew, Heartthrob Bartholomew, Bat Bartholomew, Bumblebee Bartholomew, Strawberry Bartholomew, Winter Pajama Bartholomew, Bedtime Bartholomew, Pumpkin Bartholomew | D6: Yes | E6: 1 | F6: Cuteness | G6: Female | H6: 27
A7: 45800.524 | B7: 0 | C7: Strawberry Bartholomew, Pumpkin Bartholomew | D7: No | E7: 0 | F7: Cuteness | G7: Female | H7: 25
A8: 45800.524 | B8: 0 | C8: Bathrobe Bartholomew, Eggplant Bartholomew, Bat Bartholomew, Strawberry Bartholomew, Winter Pajama Bartholomew, Pumpkin Bartholomew | D8: No | E8: 0 | F8: Cuteness | G8: Female | H8: 24
A9: 45800.524 | B9: 0 | C9: Bathrobe Bartholomew, Eggplant Bartholomew, Strawberry Bartholomew | D9: No | E9: 0 | F9: Cuteness | G9: Female | H9: 23
A10: 45800.524 | B10: 0 | C10: Eggplant Bartholomew, Heartthrob Bartholomew, Bat Bartholomew, Bumblebee Bartholomew, Strawberry Bartholomew, Pumpkin Bartholomew | D10: Yes | E10: 1 | F10: Cuteness | G10: Female | H10: 23
A11: 45800.525 | B11: 0 | C11: Bumblebee Bartholomew, Strawberry Bartholomew, Pumpkin Bartholomew | D11: No | E11: 0 | F11: Uniqueness | G11: Female | H11: 24
A12: 45800.525 | B12: 0 | C12: Strawberry Bartholomew | D12: Yes | E12: 1 | F12: Cuteness | G12: Female | H12: 25
A13: 45800.526 | B13: 0 | C13: Bathrobe Bartholomew | D13: No | E13: 0 | F13: Cuteness | G13: Female | H13: 28
... A43: 45804.946 | B43: 0 | C43: Eggplant Bartholomew, Heartthrob Bartholomew, Bumblebee Bartholomew, Strawberry Bartholomew, Bedtime Bartholomew, Pumpkin Bartholomew | D43: Yes | E43: 1 | F43: Cuteness | G43: Female | H43: 23
H44: =AVERAGE(Form_Responses1[Age]) -> 24.02381

Sheet Audience Duplication
B1: Bathrobe | E1: Eggplant | H1: Heartthrob | K1: Bat | N1: Bumblebee | Q1: Strawberry | T1: Winter Pajama | W1: Bedtime | Z1: Pumpkin | AC1: OG
B2: Shared Audience | C2: %V | D2: %H | E2: Shared Audience | F2: %V | G2: %H | H2: Shared Audience | I2: %V | J2: %H | K2: Shared Audience | L2: %V | M2: %H | N2: Shared Audience | O2: %V | P2: %H | Q2: Shared Audience | R2: %V | S2: %H | T2: Shared Audience | U2: %V | V2: %H | W2: Shared Audience | X2: %V | Y2: %H | Z2: Shared Audience | AA2: %V | AB2: %H | AC2: Shared Audience | AD2: %V | AE2: %H
A3: Bathrobe | B3: 22 | E3: 8 | F3: =E3/$E$4 -> 0.44444444 | G3: =E3/B3 -> 0.36363636 | H3: 4 | I3: =H3/$H$5 -> 0.33333333 | J3: =H3/B3 -> 0.18181818 | K3: 8 | L3: =K3/$K$6 -> 0.88888889 | M3: =K3/B3 -> 0.36363636 | N3: 8 | O3: =N3/15 -> 0.53333333 | P3: =N3/22 -> 0.36363636 | Q3: 11 | R3: =Q3/$Q$8 -> 0.52380952 | S3: =Q3/22 -> 0.5 | T3: 8 | U3: =T3/$T$9 -> 0.88888889 | V3: =T3/22 -> 0.36363636 | W3: 6 | X3: =W3/$W$10 -> 0.75 | Y3: =W3/22 -> 0.27272727 | Z3: 7 | AA3: =Z3/$Z$11 -> 0.4375 | AB3: =Z3/22 -> 0.31818182 | AC3: 10 | AD3: =AC3/$AC$12 -> 0.5 | AE3: =AC3/22 -> 0.45454545
A4: Eggplant | B4: 8 | C4: =B4/B3 -> 0.36363636 | D4: =B4/E4 -> 0.44444444 | E4: 18 | H4: 8 | I4: =H4/$H$5 -> 0.66666667 | J4: =H4/E4 -> 0.44444444 | K4: 8 | L4: =K4/$K$6 -> 0.88888889 | M4: =K4/E4 -> 0.44444444 | N4: 8 | O4: =N4/15 -> 0.53333333 | P4: =N4/18 -> 0.44444444 | Q4: 8 | R4: =Q4/$Q$8 -> 0.38095238 | S4: =Q4/18 -> 0.44444444 | T4: 4 | U4: =T4/$T$9 -> 0.44444444 | V4: =T4/18 -> 0.22222222 | W4: 5 | X4: =W4/$W$10 -> 0.625 | Y4: =W4/18 -> 0.27777778 | Z4: 10 | AA4: =Z4/$Z$11 -> 0.625 | AB4: =Z4/18 -> 0.55555556 | AC4: 10 | AD4: =AC4/$AC$12 -> 0.5 | AE4: =AC4/18 -> 0.55555556
A5: Heartthrob | B5: 4 | C5: =B5/B3 -> 0.18181818 | D5: =B5/H5 -> 0.33333333 | E5: 8 | F5: =E5/$E$4 -> 0.44444444 | G5: =E5/H5 -> 0.66666667 | H5: 12 | K5: 4 | L5: =K5/$K$6 -> 0.44444444 | M5: =K5/12 -> 0.33333333 | N5: 5 | O5: =N5/15 -> 0.33333333 | P5: =N5/12 -> 0.41666667 | Q5: 9 | R5: =Q5/$Q$8 -> 0.42857143 | S5: =Q5/12 -> 0.75 | T5: 3 | U5: =T5/$T$9 -> 0.33333333 | V5: =T5/12 -> 0.25 | W5: 4 | X5: =W5/$W$10 -> 0.5 | Y5: =W5/12 -> 0.33333333 | Z5: 6 | AA5: =Z5/$Z$11 -> 0.375 | AB5: =Z5/12 -> 0.5 | AC5: 7 | AD5: =AC5/$AC$12 -> 0.35 | AE5: =AC5/12 -> 0.58333333
A6: Bat | B6: 8 | C6: =B6/$B$3 -> 0.36363636 | D6: =B6/K6 -> 0.88888889 | E6: 8 | F6: =E6/$E$4 -> 0.44444444 | G6: =E6/K6 -> 0.88888889 | H6: 4 | I6: =H6/$H$5 -> 0.33333333 | J6: =H6/K6 -> 0.44444444 | K6: 9 | N6: 6 | O6: =N6/15 -> 0.4 | P6: =N6/9 -> 0.66666667 | Q6: 6 | R6: =Q6/$Q$8 -> 0.28571429 | S6: =Q6/9 -> 0.66666667 | T6: 5 | U6: =T6/$T$9 -> 0.55555556 | V6: =T6/9 -> 0.55555556 | W6: 4 | X6: =W6/$W$10 -> 0.5 | Y6: =W6/9 -> 0.44444444 | Z6: 7 | AA6: =Z6/$Z$11 -> 0.4375 | AB6: =Z6/9 -> 0.77777778 | AC6: 7 | AD6: =AC6/$AC$12 -> 0.35 | AE6: =AC6/9 -> 0.77777778
A7: Bumblebee | B7: 8 | C7: =B7/$B$3 -> 0.36363636 | D7: =B7/N7 -> 0.53333333 | E7: 8 | F7: =E7/$E$4 -> 0.44444444 | G7: =E7/N7 -> 0.53333333 | H7: 5 | I7: =H7/$H$5 -> 0.41666667 | J7: =H7/N7 -> 0.33333333 | K7: 6 | L7: =K7/$K$6 -> 0.66666667 | M7: =K7/15 -> 0.4 | N7: 15 | Q7: 11 | R7: =Q7/$Q$8 -> 0.52380952 | S7: =Q7/15 -> 0.73333333 | T7: 5 | U7: =T7/$T$9 -> 0.55555556 | V7: =T7/15 -> 0.33333333 | W7: 6 | X7: =W7/$W$10 -> 0.75 | Y7: =W7/15 -> 0.4 | Z7: 11 | AA7: =Z7/$Z$11 -> 0.6875 | AB7: =Z7/15 -> 0.73333333 | AC7: 9 | AD7: =AC7/$AC$12 -> 0.45 | AE7: =AC7/15 -> 0.6
A8: Strawberry | B8: 11 | C8: =B8/$B$3 -> 0.5 | D8: =B8/Q8 -> 0.52380952 | E8: 8 | F8: =E8/$E$4 -> 0.44444444 | G8: =E8/Q8 -> 0.38095238 | H8: 9 | I8: =H8/$H$5 -> 0.75 | J8: =H8/Q8 -> 0.42857143 | K8: 6 | L8: =K8/$K$6 -> 0.66666667 | M8: =K8/21 -> 0.28571429 | N8: 11 | O8: =N8/15 -> 0.73333333 | P8: =N8/21 -> 0.52380952 | Q8: 21 | T8: 7 | U8: =T8/$T$9 -> 0.77777778 | V8: =T8/21 -> 0.33333333 | W8: 5 | X8: =W8/$W$10 -> 0.625 | Y8: =W8/21 -> 0.23809524 | Z8: 11 | AA8: =Z8/$Z$11 -> 0.6875 | AB8: =Z8/21 -> 0.52380952 | AC8: 12 | AD8: =AC8/$AC$12 -> 0.6 | AE8: =AC8/21 -> 0.57142857
A9: Winter Pajama | B9: 8 | C9: =B9/$B$3 -> 0.36363636 | D9: =B9/T9 -> 0.88888889 | E9: 4 | F9: =E9/$E$4 -> 0.22222222 | G9: =E9/T9 -> 0.44444444 | H9: 3 | I9: =H9/$H$5 -> 0.25 | J9: =H9/T9 -> 0.33333333 | K9: 5 | L9: =K9/$K$6 -> 0.55555556 | M9: =K9/9 -> 0.55555556 | N9: 5 | O9: =N9/15 -> 0.33333333 | P9: =N9/9 -> 0.55555556 | Q9: 7 | R9: =Q9/$Q$8 -> 0.33333333 | S9: =Q9/9 -> 0.77777778 | T9: 9 | W9: 5 | X9: =W9/$W$10 -> 0.625 | Y9: =W9/9 -> 0.55555556 | Z9: 4 | AA9: =Z9/$Z$11 -> 0.25 | AB9: =Z9/9 -> 0.44444444 | AC9: 5 | AD9: =AC9/$AC$12 -> 0.25 | AE9: =AC9/9 -> 0.55555556
A10: Bedtime | B10: 6 | C10: =B10/$B$3 -> 0.27272727 | D10: =B10/W10 -> 0.75 | E10: 5 | F10: =E10/$E$4 -> 0.27777778 | G10: =E10/W10 -> 0.625 | H10: 4 | I10: =H10/$H$5 -> 0.33333333 | J10: =H10/W10 -> 0.5 | K10: 4 | L10: =K10/$K$6 -> 0.44444444 | M10: =K10/8 -> 0.5 | N10: 6 | O10: =N10/15 -> 0.4 | P10: =N10/8 -> 0.75 | Q10: 5 | R10: =Q10/$Q$8 -> 0.23809524 | S10: =Q10/8 -> 0.625 | T10: 5 | U10: =T10/$T$9 -> 0.55555556 | V10: =T10/8 -> 0.625 | W10: 8 | Z10: 5 | AA10: =Z10/$Z$11 -> 0.3125 | AB10: =Z10/8 -> 0.625 | AC10: 6 | AD10: =AC10/$AC$12 -> 0.3 | AE10: =AC10/8 -> 0.75
A11: Pumpkin | B11: 7 | C11: =B11/$B$3 -> 0.31818182 | D11: =B11/Z11 -> 0.4375 | E11: 10 | F11: =E11/$E$4 -> 0.55555556 | G11: =E11/Z11 -> 0.625 | H11: 6 | I11: =H11/$H$5 -> 0.5 | J11: =H11/Z11 -> 0.375 | K11: 7 | L11: =K11/$K$6 -> 0.77777778 | M11: =K11/16 -> 0.4375 | N11: 11 | O11: =N11/15 -> 0.73333333 | P11: =N11/16 -> 0.6875 | Q11: 11 | R11: =Q11/$Q$8 -> 0.52380952 | S11: =Q11/16 -> 0.6875 | T11: 4 | U11: =T11/$T$9 -> 0.44444444 | V11: =T11/16 -> 0.25 | W11: 5 | X11: =W11/$W$10 -> 0.625 | Y11: =W11/16 -> 0.3125 | Z11: 16 | AC11: 10 | AD11: =AC11/$AC$12 -> 0.5 | AE11: =AC11/16 -> 0.625
A12: OG | B12: 10 | C12: =B12/$B$3 -> 0.45454545 | D12: =B12/AC12 -> 0.5 | E12: 10 | F12: =E12/$E$4 -> 0.55555556 | G12: =E12/AC12 -> 0.5 | H12: 7 | I12: =H12/$H$5 -> 0.58333333 | J12: =H12/AC12 -> 0.35 | K12: 7 | L12: =K12/$K$6 -> 0.77777778 | M12: =7/20 -> 0.35 | N12: 9 | O12: =N12/15 -> 0.6 | P12: =N12/20 -> 0.45 | Q12: 12 | R12: =Q12/$Q$8 -> 0.57142857 | S12: =Q12/20 -> 0.6 | T12: 5 | U12: =T12/$T$9 -> 0.55555556 | V12: =T12/20 -> 0.25 | W12: 6 | X12: =W12/$W$10 -> 0.75 | Y12: =W12/20 -> 0.3 | Z12: 10 | AA12: =Z12/$Z$11 -> 0.625 | AB12: =Z12/20 -> 0.5 | AC12: 20
B14: Bumblebee | E14: Strawberry | H14: Pumpkin | K14: OG
B15: Shared Audience | C15: %V | D15: %H | E15: Shared Audience | F15: %V | G15: %H | H15: Shared Audience | I15: %V | J15: %H | K15: Shared Audience | L15: %V
A16: Bathrobe | B16: 8 | C16: =B16/15 -> 0.53333333 | D16: =B16/22 -> 0.36363636 | E16: 11 | F16: =E16/$Q$8 -> 0.52380952 | G16: =E16/22 -> 0.5 | H16: 7 | I16: =H16/$Z$11 -> 0.4375 | J16: =H16/22 -> 0.31818182 | K16: 10 | L16: =K16/$AC$12 -> 0.5
A17: Eggplant | B17: 8 | C17: =B17/15 -> 0.53333333 | D17: =B17/18 -> 0.44444444 | E17: 8 | F17: =E17/$Q$8 -> 0.38095238 | G17: =E17/18 -> 0.44444444 | H17: 10 | I17: =H17/$Z$11 -> 0.625 | J17: =H17/18 -> 0.55555556 | K17: 10 | L17: =K17/$AC$12 -> 0.5
A18: Heartthrob | B18: 5 | C18: =B18/15 -> 0.33333333 | D18: =B18/12 -> 0.41666667 | E18: 9 | F18: =E18/$Q$8 -> 0.42857143 | G18: =E18/12 -> 0.75 | H18: 6 | I18: =H18/$Z$11 -> 0.375 | J18: =H18/12 -> 0.5 | K18: 7 | L18: =K18/$AC$12 -> 0.35
A19: Bat | B19: 6 | C19: =B19/15 -> 0.4 | D19: =B19/9 -> 0.66666667 | E19: 6 | F19: =E19/$Q$8 -> 0.28571429 | G19: =E19/9 -> 0.66666667 | H19: 7 | I19: =H19/$Z$11 -> 0.4375 | J19: =H19/9 -> 0.77777778 | K19: 7 | L19: =K19/$AC$12 -> 0.35
A20: Bumblebee | B20: 15 | E20: 11 | F20: =E20/$Q$8 -> 0.52380952 | G20: =E20/15 -> 0.73333333 | H20: 11 | I20: =H20/$Z$11 -> 0.6875 | J20: =H20/15 -> 0.73333333 | K20: 9 | L20: =K20/$AC$12 -> 0.45
A21: Strawberry | B21: 11 | C21: =B21/15 -> 0.73333333 | D21: =B21/21 -> 0.52380952 | E21: 21 | H21: 11 | I21: =H21/$Z$11 -> 0.6875 | J21: =H21/21 -> 0.52380952 | K21: 12 | L21: =K21/$AC$12 -> 0.6
A22: Winter Pajama | B22: 5 | C22: =B22/15 -> 0.33333333 | D22: =B22/9 -> 0.55555556 | E22: 7 | F22: =E22/$Q$8 -> 0.33333333 | G22: =E22/9 -> 0.77777778 | H22: 4 | I22: =H22/$Z$11 -> 0.25 | J22: =H22/9 -> 0.44444444 | K22: 5 | L22: =K22/$AC$12 -> 0.25
A23: Bedtime | B23: 6 | C23: =B23/15 -> 0.4 | D23: =B23/8 -> 0.75 | E23: 5 | F23: =E23/$Q$8 -> 0.23809524 | G23: =E23/8 -> 0.625 | H23: 5 | I23: =H23/$Z$11 -> 0.3125 | J23: =H23/8 -> 0.625 | K23: 6 | L23: =K23/$AC$12 -> 0.3
A24: Pumpkin | B24: 11 | C24: =B24/15 -> 0.73333333 | D24: =B24/16 -> 0.6875 | E24: 11 | F24: =E24/$Q$8 -> 0.52380952 | G24: =E24/16 -> 0.6875 | H24: 16 | K24: 10 | L24: =K24/$AC$12 -> 0.5
A25: OG | B25: 9 | C25: =B25/15 -> 0.6 | D25: =B25/20 -> 0.45 | E25: 12 | F25: =E25/$Q$8 -> 0.57142857 | G25: =E25/20 -> 0.6 | H25: 10 | I25: =H25/$Z$11 -> 0.625 | J25: =H25/20 -> 0.5 | K25: 20

Sheet Customer Nodes
A1: ID | B1: Label | C1: Gender | D1: Age | E1: Values | F1: OG Bear
A2: C1 | B2: C1 | C2: Female | D2: 23 | E2: Cuteness | F2: Yes
A3: C2 | B3: C2 | C3: Male | D3: 22 | E3: Cuteness | F3: Yes
A4: C3 | B4: C3 | C4: Female | D4: 22 | E4: Cuteness | F4: No
A5: C4 | B5: C4 | C5: Female | D5: 23 | E5: Cuteness | F5: Yes
A6: C5 | B6: C5 | C6: Female | D6: 27 | E6: Cuteness | F6: Yes
A7: C6 | B7: C6 | C7: Female | D7: 25 | E7: Cuteness | F7: No
A8: C7 | B8: C7 | C8: Female | D8: 24 | E8: Cuteness | F8: No
A9: C8 | B9: C8 | C9: Female | D9: 23 | E9: Cuteness | F9: No
A10: C9 | B10: C9 | C10: Female | D10: 23 | E10: Cuteness | F10: Yes
A11: C10 | B11: C10 | C11: Female | D11: 24 | E11: Uniqueness | F11: No
A12: C11 | B12: C11 | C12: Female | D12: 25 | E12: Cuteness | F12: Yes
A13: C12 | B13: C12 | C13: Female | D13: 28 | E13: Cuteness | F13: No
... A43: C42 | B43: C42 | C43: Female | D43: 23 | E43: Cuteness | F43: Yes

Sheet User-Product
B1: Bathrobe | C1: Eggplant | D1: Heartthrob | E1: Bat | F1: Bumblebee | G1: Strawberry | H1: Winter Pajama | I1: Bedtime | J1: Pumpkin | K1: OG Bear
A2: C1 | B2: 1 | C2: 0 | D2: 0 | E2: 0 | F2: 1 | G2: 1 | H2: 0 | I2: 0 | J2: 0 | K2: 1
A3: C2 | B3: 1 | C3: 0 | D3: 0 | E3: 0 | F3: 0 | G3: 0 | H3: 0 | I3: 1 | J3: 1 | K3: 1
A4: C3 | B4: 0 | C4: 0 | D4: 1 | E4: 0 | F4: 0 | G4: 1 | H4: 0 | I4: 0 | J4: 0 | K4: 0
A5: C4 | B5: 0 | C5: 1 | D5: 0 | E5: 0 | F5: 0 | G5: 0 | H5: 0 | I5: 0 | J5: 0 | K5: 1
A6: C5 | B6: 1 | C6: 1 | D6: 1 | E6: 1 | F6: 1 | G6: 1 | H6: 1 | I6: 1 | J6: 1 | K6: 1
A7: C6 | B7: 0 | C7: 0 | D7: 0 | E7: 0 | F7: 0 | G7: 1 | H7: 0 | I7: 0 | J7: 1 | K7: 0
A8: C7 | B8: 1 | C8: 1 | D8: 0 | E8: 1 | F8: 0 | G8: 1 | H8: 1 | I8: 0 | J8: 1 | K8: 0
A9: C8 | B9: 1 | C9: 1 | D9: 0 | E9: 0 | F9: 0 | G9: 1 | H9: 0 | I9: 0 | J9: 0 | K9: 0
A10: C9 | B10: 0 | C10: 1 | D10: 1 | E10: 1 | F10: 1 | G10: 1 | H10: 0 | I10: 0 | J10: 1 | K10: 1
A11: C10 | B11: 0 | C11: 0 | D11: 0 | E11: 0 | F11: 1 | G11: 1 | H11: 0 | I11: 0 | J11: 1 | K11: 0
A12: C11 | B12: 0 | C12: 0 | D12: 0 | E12: 0 | F12: 0 | G12: 1 | H12: 0 | I12: 0 | J12: 0 | K12: 1
A13: C12 | B13: 1 | C13: 0 | D13: 0 | E13: 0 | F13: 0 | G13: 0 | H13: 0 | I13: 0 | J13: 0 | K13: 0
... A43: C42 | B43: 0 | C43: 1 | D43: 1 | E43: 0 | F43: 1 | G43: 1 | H43: 0 | I43: 1 | J43: 1 | K43: 1

Sheet User-User
B1: C1 | C1: C2 | D1: C3 | E1: C4 | F1: C5 | G1: C6 | H1: C7 | I1: C8 | J1: C9 | K1: C10 | L1: C11 | M1: C12 | N1: C13 | O1: C14 | P1: C15 | Q1: C16 | R1: C17 | S1: C18 | T1: C19 | U1: C20 | V1: C21 | W1: C22 | X1: C23 | Y1: C24 | Z1: C25 | AA1: C26 | AB1: C27 | AC1: C28 | AD1: C29 | AE1: C30 | AF1: C31 | AG1: C32 | AH1: C33 | AI1: C34 | AJ1: C35 | AK1: C36 | AL1: C37 | AM1: C38 | AN1: C39 | AO1: C40 | AP1: C41 | AQ1: C42
A2: C1 | B2: {=SUMPRODUCT( 'User-Product'!$B2:$J2, INDEX('User-Product'!$B$2:$J$43, MATCH(B$1, 'User-Product'!$A$2:$A$43, 0), 0) )} -> 3 | C2: {=SUMPRODUCT( 'User-Product'!$B2:$J2, INDEX('User-Product'!$B$2:$J$43, MATCH(C$1, 'User-Product'!$A$2:$A$43, 0), 0) )} -> 1 | D2: {=SUMPRODUCT( 'User-Product'!$B2:$J2, INDEX('User-Product'!$B$2:$J$43, MATCH(D$1, 'User-Product'!$A$2:$A$43, 0), 0) )} -> 1 | E2: {=SUMPRODUCT( 'User-Product'!$B2:$J2, INDEX('User-Product'!$B$2:$J$43, MATCH(E$1, 'User-Product'!$A$2:$A$43, 0), 0) )} -> 0 | F2: {=SUMPRODUCT( 'User-Product'!$B2:$J2, INDEX('User-Product'!$B$2:$J$43, MATCH(F$1, 'User-Product'!$A$2:$A$43, 0), 0) )} -> 3 | G2: {=SUMPRODUCT( 'User-Product'!$B2:$J2, INDEX('User-Product'!$B$2:$J$43, MATCH(G$1, 'User-Product'!$A$2:$A$43, 0), 0) )} -> 1 | H2: {=SUMPRODUCT( 'User-Product'!$B2:$J2, INDEX('User-Product'!$B$2:$J$43, MATCH(H$1, 'User-Product'!$A$2:$A$43, 0), 0) )} -> 2 | I2: {=SUMPRODUCT( 'User-Product'!$B2:$J2, INDEX('User-Product'!$B$2:$J$43, MATCH(I$1, 'User-Product'!$A$2:$A$43, 0), 0) )} -> 2 | ... AQ2: {=SUMPRODUCT( 'User-Product'!$B2:$J2, INDEX('User-Product'!$B$2:$J$43, MATCH(AQ$1, 'User-Product'!$A$2:$A$43, 0), 0) )} -> 2
A3: C2 | B3: {=SUMPRODUCT( 'User-Product'!$B3:$J3, INDEX('User-Product'!$B$2:$J$43, MATCH(B$1, 'User-Product'!$A$2:$A$43, 0), 0) )} -> 1 | C3: {=SUMPRODUCT( 'User-Product'!$B3:$J3, INDEX('User-Product'!$B$2:$J$43, MATCH(C$1, 'User-Product'!$A$2:$A$43, 0), 0) )} -> 3 | D3: {=SUMPRODUCT( 'User-Product'!$B3:$J3, INDEX('User-Product'!$B$2:$J$43, MATCH(D$1, 'User-Product'!$A$2:$A$43, 0), 0) )} -> 0 | E3: {=SUMPRODUCT( 'User-Product'!$B3:$J3, INDEX('User-Product'!$B$2:$J$43, MATCH(E$1, 'User-Product'!$A$2:$A$43, 0), 0) )} -> 0 | F3: {=SUMPRODUCT( 'User-Product'!$B3:$J3, INDEX('User-Product'!$B$2:$J$43, MATCH(F$1, 'User-Product'!$A$2:$A$43, 0), 0) )} -> 3 | G3: {=SUMPRODUCT( 'User-Product'!$B3:$J3, INDEX('User-Product'!$B$2:$J$43, MATCH(G$1, 'User-Product'!$A$2:$A$43, 0), 0) )} -> 1 | H3: {=SUMPRODUCT( 'User-Product'!$B3:$J3, INDEX('User-Product'!$B$2:$J$43, MATCH(H$1, 'User-Product'!$A$2:$A$43, 0), 0) )} -> 2 | I3: {=SUMPRODUCT( 'User-Product'!$B3:$J3, INDEX('User-Product'!$B$2:$J$43, MATCH(I$1, 'User-Product'!$A$2:$A$43, 0), 0) )} -> 1 | ... AQ3: {=SUMPRODUCT( 'User-Product'!$B3:$J3, INDEX('User-Product'!$B$2:$J$43, MATCH(AQ$1, 'User-Product'!$A$2:$A$43, 0), 0) )} -> 2
A4: C3 | B4: {=SUMPRODUCT( 'User-Product'!$B4:$J4, INDEX('User-Product'!$B$2:$J$43, MATCH(B$1, 'User-Product'!$A$2:$A$43, 0), 0) )} -> 1 | C4: {=SUMPRODUCT( 'User-Product'!$B4:$J4, INDEX('User-Product'!$B$2:$J$43, MATCH(C$1, 'User-Product'!$A$2:$A$43, 0), 0) )} -> 0 | D4: {=SUMPRODUCT( 'User-Product'!$B4:$J4, INDEX('User-Product'!$B$2:$J$43, MATCH(D$1, 'User-Product'!$A$2:$A$43, 0), 0) )} -> 2 | E4: {=SUMPRODUCT( 'User-Product'!$B4:$J4, INDEX('User-Product'!$B$2:$J$43, MATCH(E$1, 'User-Product'!$A$2:$A$43, 0), 0) )} -> 0 | F4: {=SUMPRODUCT( 'User-Product'!$B4:$J4, INDEX('User-Product'!$B$2:$J$43, MATCH(F$1, 'User-Product'!$A$2:$A$43, 0), 0) )} -> 2 | G4: {=SUMPRODUCT( 'User-Product'!$B4:$J4, INDEX('User-Product'!$B$2:$J$43, MATCH(G$1, 'User-Product'!$A$2:$A$43, 0), 0) )} -> 1 | H4: {=SUMPRODUCT( 'User-Product'!$B4:$J4, INDEX('User-Product'!$B$2:$J$43, MATCH(H$1, 'User-Product'!$A$2:$A$43, 0), 0) )} -> 1 | I4: {=SUMPRODUCT( 'User-Product'!$B4:$J4, INDEX('User-Product'!$B$2:$J$43, MATCH(I$1, 'User-Product'!$A$2:$A$43, 0), 0) )} -> 1 | ... AQ4: {=SUMPRODUCT( 'User-Product'!$B4:$J4, INDEX('User-Product'!$B$2:$J$43, MATCH(AQ$1, 'User-Product'!$A$2:$A$43, 0), 0) )} -> 2
A5: C4 | B5: {=SUMPRODUCT( 'User-Product'!$B5:$J5, INDEX('User-Product'!$B$2:$J$43, MATCH(B$1, 'User-Product'!$A$2:$A$43, 0), 0) )} -> 0 | C5: {=SUMPRODUCT( 'User-Product'!$B5:$J5, INDEX('User-Product'!$B$2:$J$43, MATCH(C$1, 'User-Product'!$A$2:$A$43, 0), 0) )} -> 0 | D5: {=SUMPRODUCT( 'User-Product'!$B5:$J5, INDEX('User-Product'!$B$2:$J$43, MATCH(D$1, 'User-Product'!$A$2:$A$43, 0), 0) )} -> 0 | E5: {=SUMPRODUCT( 'User-Product'!$B5:$J5, INDEX('User-Product'!$B$2:$J$43, MATCH(E$1, 'User-Product'!$A$2:$A$43, 0), 0) )} -> 1 | F5: {=SUMPRODUCT( 'User-Product'!$B5:$J5, INDEX('User-Product'!$B$2:$J$43, MATCH(F$1, 'User-Product'!$A$2:$A$43, 0), 0) )} -> 1 | G5: {=SUMPRODUCT( 'User-Product'!$B5:$J5, INDEX('User-Product'!$B$2:$J$43, MATCH(G$1, 'User-Product'!$A$2:$A$43, 0), 0) )} -> 0 | H5: {=SUMPRODUCT( 'User-Product'!$B5:$J5, INDEX('User-Product'!$B$2:$J$43, MATCH(H$1, 'User-Product'!$A$2:$A$43, 0), 0) )} -> 1 | I5: {=SUMPRODUCT( 'User-Product'!$B5:$J5, INDEX('User-Product'!$B$2:$J$43, MATCH(I$1, 'User-Product'!$A$2:$A$43, 0), 0) )} -> 1 | ... AQ5: {=SUMPRODUCT( 'User-Product'!$B5:$J5, INDEX('User-Product'!$B$2:$J$43, MATCH(AQ$1, 'User-Product'!$A$2:$A$43, 0), 0) )} -> 1
A6: C5 | B6: {=SUMPRODUCT( 'User-Product'!$B6:$J6, INDEX('User-Product'!$B$2:$J$43, MATCH(B$1, 'User-Product'!$A$2:$A$43, 0), 0) )} -> 3 | C6: {=SUMPRODUCT( 'User-Product'!$B6:$J6, INDEX('User-Product'!$B$2:$J$43, MATCH(C$1, 'User-Product'!$A$2:$A$43, 0), 0) )} -> 3 | D6: {=SUMPRODUCT( 'User-Product'!$B6:$J6, INDEX('User-Product'!$B$2:$J$43, MATCH(D$1, 'User-Product'!$A$2:$A$43, 0), 0) )} -> 2 | E6: {=SUMPRODUCT( 'User-Product'!$B6:$J6, INDEX('User-Product'!$B$2:$J$43, MATCH(E$1, 'User-Product'!$A$2:$A$43, 0), 0) )} -> 1 | F6: {=SUMPRODUCT( 'User-Product'!$B6:$J6, INDEX('User-Product'!$B$2:$J$43, MATCH(F$1, 'User-Product'!$A$2:$A$43, 0), 0) )} -> 9 | G6: {=SUMPRODUCT( 'User-Product'!$B6:$J6, INDEX('User-Product'!$B$2:$J$43, MATCH(G$1, 'User-Product'!$A$2:$A$43, 0), 0) )} -> 2 | H6: {=SUMPRODUCT( 'User-Product'!$B6:$J6, INDEX('User-Product'!$B$2:$J$43, MATCH(H$1, 'User-Product'!$A$2:$A$43, 0), 0) )} -> 6 | I6: {=SUMPRODUCT( 'User-Product'!$B6:$J6, INDEX('User-Product'!$B$2:$J$43, MATCH(I$1, 'User-Product'!$A$2:$A$43, 0), 0) )} -> 3 | ... AQ6: {=SUMPRODUCT( 'User-Product'!$B6:$J6, INDEX('User-Product'!$B$2:$J$43, MATCH(AQ$1, 'User-Product'!$A$2:$A$43, 0), 0) )} -> 6
A7: C6 | B7: {=SUMPRODUCT( 'User-Product'!$B7:$J7, INDEX('User-Product'!$B$2:$J$43, MATCH(B$1, 'User-Product'!$A$2:$A$43, 0), 0) )} -> 1 | C7: {=SUMPRODUCT( 'User-Product'!$B7:$J7, INDEX('User-Product'!$B$2:$J$43, MATCH(C$1, 'User-Product'!$A$2:$A$43, 0), 0) )} -> 1 | D7: {=SUMPRODUCT( 'User-Product'!$B7:$J7, INDEX('User-Product'!$B$2:$J$43, MATCH(D$1, 'User-Product'!$A$2:$A$43, 0), 0) )} -> 1 | E7: {=SUMPRODUCT( 'User-Product'!$B7:$J7, INDEX('User-Product'!$B$2:$J$43, MATCH(E$1, 'User-Product'!$A$2:$A$43, 0), 0) )} -> 0 | F7: {=SUMPRODUCT( 'User-Product'!$B7:$J7, INDEX('User-Product'!$B$2:$J$43, MATCH(F$1, 'User-Product'!$A$2:$A$43, 0), 0) )} -> 2 | G7: {=SUMPRODUCT( 'User-Product'!$B7:$J7, INDEX('User-Product'!$B$2:$J$43, MATCH(G$1, 'User-Product'!$A$2:$A$43, 0), 0) )} -> 2 | H7: {=SUMPRODUCT( 'User-Product'!$B7:$J7, INDEX('User-Product'!$B$2:$J$43, MATCH(H$1, 'User-Product'!$A$2:$A$43, 0), 0) )} -> 2 | I7: {=SUMPRODUCT( 'User-Product'!$B7:$J7, INDEX('User-Product'!$B$2:$J$43, MATCH(I$1, 'User-Product'!$A$2:$A$43, 0), 0) )} -> 1 | ... AQ7: {=SUMPRODUCT( 'User-Product'!$B7:$J7, INDEX('User-Product'!$B$2:$J$43, MATCH(AQ$1, 'User-Product'!$A$2:$A$43, 0), 0) )} -> 2
A8: C7 | B8: {=SUMPRODUCT( 'User-Product'!$B8:$J8, INDEX('User-Product'!$B$2:$J$43, MATCH(B$1, 'User-Product'!$A$2:$A$43, 0), 0) )} -> 2 | C8: {=SUMPRODUCT( 'User-Product'!$B8:$J8, INDEX('User-Product'!$B$2:$J$43, MATCH(C$1, 'User-Product'!$A$2:$A$43, 0), 0) )} -> 2 | D8: {=SUMPRODUCT( 'User-Product'!$B8:$J8, INDEX('User-Product'!$B$2:$J$43, MATCH(D$1, 'User-Product'!$A$2:$A$43, 0), 0) )} -> 1 | E8: {=SUMPRODUCT( 'User-Product'!$B8:$J8, INDEX('User-Product'!$B$2:$J$43, MATCH(E$1, 'User-Product'!$A$2:$A$43, 0), 0) )} -> 1 | F8: {=SUMPRODUCT( 'User-Product'!$B8:$J8, INDEX('User-Product'!$B$2:$J$43, MATCH(F$1, 'User-Product'!$A$2:$A$43, 0), 0) )} -> 6 | G8: {=SUMPRODUCT( 'User-Product'!$B8:$J8, INDEX('User-Product'!$B$2:$J$43, MATCH(G$1, 'User-Product'!$A$2:$A$43, 0), 0) )} -> 2 | H8: {=SUMPRODUCT( 'User-Product'!$B8:$J8, INDEX('User-Product'!$B$2:$J$43, MATCH(H$1, 'User-Product'!$A$2:$A$43, 0), 0) )} -> 6 | I8: {=SUMPRODUCT( 'User-Product'!$B8:$J8, INDEX('User-Product'!$B$2:$J$43, MATCH(I$1, 'User-Product'!$A$2:$A$43, 0), 0) )} -> 3 | ... AQ8: {=SUMPRODUCT( 'User-Product'!$B8:$J8, INDEX('User-Product'!$B$2:$J$43, MATCH(AQ$1, 'User-Product'!$A$2:$A$43, 0), 0) )} -> 3
A9: C8 | B9: {=SUMPRODUCT( 'User-Product'!$B9:$J9, INDEX('User-Product'!$B$2:$J$43, MATCH(B$1, 'User-Product'!$A$2:$A$43, 0), 0) )} -> 2 | C9: {=SUMPRODUCT( 'User-Product'!$B9:$J9, INDEX('User-Product'!$B$2:$J$43, MATCH(C$1, 'User-Product'!$A$2:$A$43, 0), 0) )} -> 1 | D9: {=SUMPRODUCT( 'User-Product'!$B9:$J9, INDEX('User-Product'!$B$2:$J$43, MATCH(D$1, 'User-Product'!$A$2:$A$43, 0), 0) )} -> 1 | E9: {=SUMPRODUCT( 'User-Product'!$B9:$J9, INDEX('User-Product'!$B$2:$J$43, MATCH(E$1, 'User-Product'!$A$2:$A$43, 0), 0) )} -> 1 | F9: {=SUMPRODUCT( 'User-Product'!$B9:$J9, INDEX('User-Product'!$B$2:$J$43, MATCH(F$1, 'User-Product'!$A$2:$A$43, 0), 0) )} -> 3 | G9: {=SUMPRODUCT( 'User-Product'!$B9:$J9, INDEX('User-Product'!$B$2:$J$43, MATCH(G$1, 'User-Product'!$A$2:$A$43, 0), 0) )} -> 1 | H9: {=SUMPRODUCT( 'User-Product'!$B9:$J9, INDEX('User-Product'!$B$2:$J$43, MATCH(H$1, 'User-Product'!$A$2:$A$43, 0), 0) )} -> 3 | I9: {=SUMPRODUCT( 'User-Product'!$B9:$J9, INDEX('User-Product'!$B$2:$J$43, MATCH(I$1, 'User-Product'!$A$2:$A$43, 0), 0) )} -> 3 | ... AQ9: {=SUMPRODUCT( 'User-Product'!$B9:$J9, INDEX('User-Product'!$B$2:$J$43, MATCH(AQ$1, 'User-Product'!$A$2:$A$43, 0), 0) )} -> 2
A10: C9 | B10: {=SUMPRODUCT( 'User-Product'!$B10:$J10, INDEX('User-Product'!$B$2:$J$43, MATCH(B$1, 'User-Product'!$A$2:$A$43, 0), 0) )} -> 2 | C10: {=SUMPRODUCT( 'User-Product'!$B10:$J10, INDEX('User-Product'!$B$2:$J$43, MATCH(C$1, 'User-Product'!$A$2:$A$43, 0), 0) )} -> 1 | D10: {=SUMPRODUCT( 'User-Product'!$B10:$J10, INDEX('User-Product'!$B$2:$J$43, MATCH(D$1, 'User-Product'!$A$2:$A$43, 0), 0) )} -> 2 | E10: {=SUMPRODUCT( 'User-Product'!$B10:$J10, INDEX('User-Product'!$B$2:$J$43, MATCH(E$1, 'User-Product'!$A$2:$A$43, 0), 0) )} -> 1 | F10: {=SUMPRODUCT( 'User-Product'!$B10:$J10, INDEX('User-Product'!$B$2:$J$43, MATCH(F$1, 'User-Product'!$A$2:$A$43, 0), 0) )} -> 6 | G10: {=SUMPRODUCT( 'User-Product'!$B10:$J10, INDEX('User-Product'!$B$2:$J$43, MATCH(G$1, 'User-Product'!$A$2:$A$43, 0), 0) )} -> 2 | H10: {=SUMPRODUCT( 'User-Product'!$B10:$J10, INDEX('User-Product'!$B$2:$J$43, MATCH(H$1, 'User-Product'!$A$2:$A$43, 0), 0) )} -> 4 | I10: {=SUMPRODUCT( 'User-Product'!$B10:$J10, INDEX('User-Product'!$B$2:$J$43, MATCH(I$1, 'User-Product'!$A$2:$A$43, 0), 0) )} -> 2 | ... AQ10: {=SUMPRODUCT( 'User-Product'!$B10:$J10, INDEX('User-Product'!$B$2:$J$43, MATCH(AQ$1, 'User-Product'!$A$2:$A$43, 0), 0) )} -> 5
A11: C10 | B11: {=SUMPRODUCT( 'User-Product'!$B11:$J11, INDEX('User-Product'!$B$2:$J$43, MATCH(B$1, 'User-Product'!$A$2:$A$43, 0), 0) )} -> 2 | C11: {=SUMPRODUCT( 'User-Product'!$B11:$J11, INDEX('User-Product'!$B$2:$J$43, MATCH(C$1, 'User-Product'!$A$2:$A$43, 0), 0) )} -> 1 | D11: {=SUMPRODUCT( 'User-Product'!$B11:$J11, INDEX('User-Product'!$B$2:$J$43, MATCH(D$1, 'User-Product'!$A$2:$A$43, 0), 0) )} -> 1 | E11: {=SUMPRODUCT( 'User-Product'!$B11:$J11, INDEX('User-Product'!$B$2:$J$43, MATCH(E$1, 'User-Product'!$A$2:$A$43, 0), 0) )} -> 0 | F11: {=SUMPRODUCT( 'User-Product'!$B11:$J11, INDEX('User-Product'!$B$2:$J$43, MATCH(F$1, 'User-Product'!$A$2:$A$43, 0), 0) )} -> 3 | G11: {=SUMPRODUCT( 'User-Product'!$B11:$J11, INDEX('User-Product'!$B$2:$J$43, MATCH(G$1, 'User-Product'!$A$2:$A$43, 0), 0) )} -> 2 | H11: {=SUMPRODUCT( 'User-Product'!$B11:$J11, INDEX('User-Product'!$B$2:$J$43, MATCH(H$1, 'User-Product'!$A$2:$A$43, 0), 0) )} -> 2 | I11: {=SUMPRODUCT( 'User-Product'!$B11:$J11, INDEX('User-Product'!$B$2:$J$43, MATCH(I$1, 'User-Product'!$A$2:$A$43, 0), 0) )} -> 1 | ... AQ11: {=SUMPRODUCT( 'User-Product'!$B11:$J11, INDEX('User-Product'!$B$2:$J$43, MATCH(AQ$1, 'User-Product'!$A$2:$A$43, 0), 0) )} -> 3
A12: C11 | B12: {=SUMPRODUCT( 'User-Product'!$B12:$J12, INDEX('User-Product'!$B$2:$J$43, MATCH(B$1, 'User-Product'!$A$2:$A$43, 0), 0) )} -> 1 | C12: {=SUMPRODUCT( 'User-Product'!$B12:$J12, INDEX('User-Product'!$B$2:$J$43, MATCH(C$1, 'User-Product'!$A$2:$A$43, 0), 0) )} -> 0 | D12: {=SUMPRODUCT( 'User-Product'!$B12:$J12, INDEX('User-Product'!$B$2:$J$43, MATCH(D$1, 'User-Product'!$A$2:$A$43, 0), 0) )} -> 1 | E12: {=SUMPRODUCT( 'User-Product'!$B12:$J12, INDEX('User-Product'!$B$2:$J$43, MATCH(E$1, 'User-Product'!$A$2:$A$43, 0), 0) )} -> 0 | F12: {=SUMPRODUCT( 'User-Product'!$B12:$J12, INDEX('User-Product'!$B$2:$J$43, MATCH(F$1, 'User-Product'!$A$2:$A$43, 0), 0) )} -> 1 | G12: {=SUMPRODUCT( 'User-Product'!$B12:$J12, INDEX('User-Product'!$B$2:$J$43, MATCH(G$1, 'User-Product'!$A$2:$A$43, 0), 0) )} -> 1 | H12: {=SUMPRODUCT( 'User-Product'!$B12:$J12, INDEX('User-Product'!$B$2:$J$43, MATCH(H$1, 'User-Product'!$A$2:$A$43, 0), 0) )} -> 1 | I12: {=SUMPRODUCT( 'User-Product'!$B12:$J12, INDEX('User-Product'!$B$2:$J$43, MATCH(I$1, 'User-Product'!$A$2:$A$43, 0), 0) )} -> 1 | ... AQ12: {=SUMPRODUCT( 'User-Product'!$B12:$J12, INDEX('User-Product'!$B$2:$J$43, MATCH(AQ$1, 'User-Product'!$A$2:$A$43, 0), 0) )} -> 1
A13: C12 | B13: {=SUMPRODUCT( 'User-Product'!$B13:$J13, INDEX('User-Product'!$B$2:$J$43, MATCH(B$1, 'User-Product'!$A$2:$A$43, 0), 0) )} -> 1 | C13: {=SUMPRODUCT( 'User-Product'!$B13:$J13, INDEX('User-Product'!$B$2:$J$43, MATCH(C$1, 'User-Product'!$A$2:$A$43, 0), 0) )} -> 1 | D13: {=SUMPRODUCT( 'User-Product'!$B13:$J13, INDEX('User-Product'!$B$2:$J$43, MATCH(D$1, 'User-Product'!$A$2:$A$43, 0), 0) )} -> 0 | E13: {=SUMPRODUCT( 'User-Product'!$B13:$J13, INDEX('User-Product'!$B$2:$J$43, MATCH(E$1, 'User-Product'!$A$2:$A$43, 0), 0) )} -> 0 | F13: {=SUMPRODUCT( 'User-Product'!$B13:$J13, INDEX('User-Product'!$B$2:$J$43, MATCH(F$1, 'User-Product'!$A$2:$A$43, 0), 0) )} -> 1 | G13: {=SUMPRODUCT( 'User-Product'!$B13:$J13, INDEX('User-Product'!$B$2:$J$43, MATCH(G$1, 'User-Product'!$A$2:$A$43, 0), 0) )} -> 0 | H13: {=SUMPRODUCT( 'User-Product'!$B13:$J13, INDEX('User-Product'!$B$2:$J$43, MATCH(H$1, 'User-Product'!$A$2:$A$43, 0), 0) )} -> 1 | I13: {=SUMPRODUCT( 'User-Product'!$B13:$J13, INDEX('User-Product'!$B$2:$J$43, MATCH(I$1, 'User-Product'!$A$2:$A$43, 0), 0) )} -> 1 | ... AQ13: {=SUMPRODUCT( 'User-Product'!$B13:$J13, INDEX('User-Product'!$B$2:$J$43, MATCH(AQ$1, 'User-Product'!$A$2:$A$43, 0), 0) )} -> 0
... A43: C42 | B43: {=SUMPRODUCT( 'User-Product'!$B43:$J43, INDEX('User-Product'!$B$2:$J$43, MATCH(B$1, 'User-Product'!$A$2:$A$43, 0), 0) )} -> 2 | C43: {=SUMPRODUCT( 'User-Product'!$B43:$J43, INDEX('User-Product'!$B$2:$J$43, MATCH(C$1, 'User-Product'!$A$2:$A$43, 0), 0) )} -> 2 | D43: {=SUMPRODUCT( 'User-Product'!$B43:$J43, INDEX('User-Product'!$B$2:$J$43, MATCH(D$1, 'User-Product'!$A$2:$A$43, 0), 0) )} -> 2 | E43: {=SUMPRODUCT( 'User-Product'!$B43:$J43, INDEX('User-Product'!$B$2:$J$43, MATCH(E$1, 'User-Product'!$A$2:$A$43, 0), 0) )} -> 1 | F43: {=SUMPRODUCT( 'User-Product'!$B43:$J43, INDEX('User-Product'!$B$2:$J$43, MATCH(F$1, 'User-Product'!$A$2:$A$43, 0), 0) )} -> 6 | G43: {=SUMPRODUCT( 'User-Product'!$B43:$J43, INDEX('User-Product'!$B$2:$J$43, MATCH(G$1, 'User-Product'!$A$2:$A$43, 0), 0) )} -> 2 | H43: {=SUMPRODUCT( 'User-Product'!$B43:$J43, INDEX('User-Product'!$B$2:$J$43, MATCH(H$1, 'User-Product'!$A$2:$A$43, 0), 0) )} -> 3 | I43: {=SUMPRODUCT( 'User-Product'!$B43:$J43, INDEX('User-Product'!$B$2:$J$43, MATCH(I$1, 'User-Product'!$A$2:$A$43, 0), 0) )} -> 2 | ... AQ43: {=SUMPRODUCT( 'User-Product'!$B43:$J43, INDEX('User-Product'!$B$2:$J$43, MATCH(AQ$1, 'User-Product'!$A$2:$A$43, 0), 0) )} -> 6

Sheet Product-Product
B1: Bathrobe | C1: Eggplant | D1: Heartthrob | E1: Bat | F1: Bumblebee | G1: Strawberry | H1: Winter Pajama | I1: Bedtime | J1: Pumpkin
A2: Bathrobe | B2: {=SUMPRODUCT( INDEX('User-Product'!$B$2:$J$43,,MATCH($A2,'User-Product'!$B$1:$J$1,0)), INDEX('User-Product'!$B$2:$J$43,,MATCH(B$1,'User-Product'!$B$1:$J$1,0)) )} -> 22 | C2: {=SUMPRODUCT( INDEX('User-Product'!$B$2:$J$43,,MATCH($A2,'User-Product'!$B$1:$J$1,0)), INDEX('User-Product'!$B$2:$J$43,,MATCH(C$1,'User-Product'!$B$1:$J$1,0)) )} -> 8 | D2: {=SUMPRODUCT( INDEX('User-Product'!$B$2:$J$43,,MATCH($A2,'User-Product'!$B$1:$J$1,0)), INDEX('User-Product'!$B$2:$J$43,,MATCH(D$1,'User-Product'!$B$1:$J$1,0)) )} -> 4 | E2: {=SUMPRODUCT( INDEX('User-Product'!$B$2:$J$43,,MATCH($A2,'User-Product'!$B$1:$J$1,0)), INDEX('User-Product'!$B$2:$J$43,,MATCH(E$1,'User-Product'!$B$1:$J$1,0)) )} -> 8 | F2: {=SUMPRODUCT( INDEX('User-Product'!$B$2:$J$43,,MATCH($A2,'User-Product'!$B$1:$J$1,0)), INDEX('User-Product'!$B$2:$J$43,,MATCH(F$1,'User-Product'!$B$1:$J$1,0)) )} -> 8 | G2: {=SUMPRODUCT( INDEX('User-Product'!$B$2:$J$43,,MATCH($A2,'User-Product'!$B$1:$J$1,0)), INDEX('User-Product'!$B$2:$J$43,,MATCH(G$1,'User-Product'!$B$1:$J$1,0)) )} -> 11 | H2: {=SUMPRODUCT( INDEX('User-Product'!$B$2:$J$43,,MATCH($A2,'User-Product'!$B$1:$J$1,0)), INDEX('User-Product'!$B$2:$J$43,,MATCH(H$1,'User-Product'!$B$1:$J$1,0)) )} -> 8 | I2: {=SUMPRODUCT( INDEX('User-Product'!$B$2:$J$43,,MATCH($A2,'User-Product'!$B$1:$J$1,0)), INDEX('User-Product'!$B$2:$J$43,,MATCH(I$1,'User-Product'!$B$1:$J$1,0)) )} -> 6 | J2: {=SUMPRODUCT( INDEX('User-Product'!$B$2:$J$43,,MATCH($A2,'User-Product'!$B$1:$J$1,0)), INDEX('User-Product'!$B$2:$J$43,,MATCH(J$1,'User-Product'!$B$1:$J$1,0)) )} -> 7
A3: Eggplant | B3: {=SUMPRODUCT( INDEX('User-Product'!$B$2:$J$43,,MATCH($A3,'User-Product'!$B$1:$J$1,0)), INDEX('User-Product'!$B$2:$J$43,,MATCH(B$1,'User-Product'!$B$1:$J$1,0)) )} -> 8 | C3: {=SUMPRODUCT( INDEX('User-Product'!$B$2:$J$43,,MATCH($A3,'User-Product'!$B$1:$J$1,0)), INDEX('User-Product'!$B$2:$J$43,,MATCH(C$1,'User-Product'!$B$1:$J$1,0)) )} -> 18 | D3: {=SUMPRODUCT( INDEX('User-Product'!$B$2:$J$43,,MATCH($A3,'User-Product'!$B$1:$J$1,0)), INDEX('User-Product'!$B$2:$J$43,,MATCH(D$1,'User-Product'!$B$1:$J$1,0)) )} -> 8 | E3: {=SUMPRODUCT( INDEX('User-Product'!$B$2:$J$43,,MATCH($A3,'User-Product'!$B$1:$J$1,0)), INDEX('User-Product'!$B$2:$J$43,,MATCH(E$1,'User-Product'!$B$1:$J$1,0)) )} -> 8 | F3: {=SUMPRODUCT( INDEX('User-Product'!$B$2:$J$43,,MATCH($A3,'User-Product'!$B$1:$J$1,0)), INDEX('User-Product'!$B$2:$J$43,,MATCH(F$1,'User-Product'!$B$1:$J$1,0)) )} -> 8 | G3: {=SUMPRODUCT( INDEX('User-Product'!$B$2:$J$43,,MATCH($A3,'User-Product'!$B$1:$J$1,0)), INDEX('User-Product'!$B$2:$J$43,,MATCH(G$1,'User-Product'!$B$1:$J$1,0)) )} -> 8 | H3: {=SUMPRODUCT( INDEX('User-Product'!$B$2:$J$43,,MATCH($A3,'User-Product'!$B$1:$J$1,0)), INDEX('User-Product'!$B$2:$J$43,,MATCH(H$1,'User-Product'!$B$1:$J$1,0)) )} -> 4 | I3: {=SUMPRODUCT( INDEX('User-Product'!$B$2:$J$43,,MATCH($A3,'User-Product'!$B$1:$J$1,0)), INDEX('User-Product'!$B$2:$J$43,,MATCH(I$1,'User-Product'!$B$1:$J$1,0)) )} -> 5 | J3: {=SUMPRODUCT( INDEX('User-Product'!$B$2:$J$43,,MATCH($A3,'User-Product'!$B$1:$J$1,0)), INDEX('User-Product'!$B$2:$J$43,,MATCH(J$1,'User-Product'!$B$1:$J$1,0)) )} -> 10
A4: Heartthrob | B4: {=SUMPRODUCT( INDEX('User-Product'!$B$2:$J$43,,MATCH($A4,'User-Product'!$B$1:$J$1,0)), INDEX('User-Product'!$B$2:$J$43,,MATCH(B$1,'User-Product'!$B$1:$J$1,0)) )} -> 4 | C4: {=SUMPRODUCT( INDEX('User-Product'!$B$2:$J$43,,MATCH($A4,'User-Product'!$B$1:$J$1,0)), INDEX('User-Product'!$B$2:$J$43,,MATCH(C$1,'User-Product'!$B$1:$J$1,0)) )} -> 8 | D4: {=SUMPRODUCT( INDEX('User-Product'!$B$2:$J$43,,MATCH($A4,'User-Product'!$B$1:$J$1,0)), INDEX('User-Product'!$B$2:$J$43,,MATCH(D$1,'User-Product'!$B$1:$J$1,0)) )} -> 12 | E4: {=SUMPRODUCT( INDEX('User-Product'!$B$2:$J$43,,MATCH($A4,'User-Product'!$B$1:$J$1,0)), INDEX('User-Product'!$B$2:$J$43,,MATCH(E$1,'User-Product'!$B$1:$J$1,0)) )} -> 4 | F4: {=SUMPRODUCT( INDEX('User-Product'!$B$2:$J$43,,MATCH($A4,'User-Product'!$B$1:$J$1,0)), INDEX('User-Product'!$B$2:$J$43,,MATCH(F$1,'User-Product'!$B$1:$J$1,0)) )} -> 5 | G4: {=SUMPRODUCT( INDEX('User-Product'!$B$2:$J$43,,MATCH($A4,'User-Product'!$B$1:$J$1,0)), INDEX('User-Product'!$B$2:$J$43,,MATCH(G$1,'User-Product'!$B$1:$J$1,0)) )} -> 9 | H4: {=SUMPRODUCT( INDEX('User-Product'!$B$2:$J$43,,MATCH($A4,'User-Product'!$B$1:$J$1,0)), INDEX('User-Product'!$B$2:$J$43,,MATCH(H$1,'User-Product'!$B$1:$J$1,0)) )} -> 3 | I4: {=SUMPRODUCT( INDEX('User-Product'!$B$2:$J$43,,MATCH($A4,'User-Product'!$B$1:$J$1,0)), INDEX('User-Product'!$B$2:$J$43,,MATCH(I$1,'User-Product'!$B$1:$J$1,0)) )} -> 4 | J4: {=SUMPRODUCT( INDEX('User-Product'!$B$2:$J$43,,MATCH($A4,'User-Product'!$B$1:$J$1,0)), INDEX('User-Product'!$B$2:$J$43,,MATCH(J$1,'User-Product'!$B$1:$J$1,0)) )} -> 6
A5: Bat | B5: {=SUMPRODUCT( INDEX('User-Product'!$B$2:$J$43,,MATCH($A5,'User-Product'!$B$1:$J$1,0)), INDEX('User-Product'!$B$2:$J$43,,MATCH(B$1,'User-Product'!$B$1:$J$1,0)) )} -> 8 | C5: {=SUMPRODUCT( INDEX('User-Product'!$B$2:$J$43,,MATCH($A5,'User-Product'!$B$1:$J$1,0)), INDEX('User-Product'!$B$2:$J$43,,MATCH(C$1,'User-Product'!$B$1:$J$1,0)) )} -> 8 | D5: {=SUMPRODUCT( INDEX('User-Product'!$B$2:$J$43,,MATCH($A5,'User-Product'!$B$1:$J$1,0)), INDEX('User-Product'!$B$2:$J$43,,MATCH(D$1,'User-Product'!$B$1:$J$1,0)) )} -> 4 | E5: {=SUMPRODUCT( INDEX('User-Product'!$B$2:$J$43,,MATCH($A5,'User-Product'!$B$1:$J$1,0)), INDEX('User-Product'!$B$2:$J$43,,MATCH(E$1,'User-Product'!$B$1:$J$1,0)) )} -> 9 | F5: {=SUMPRODUCT( INDEX('User-Product'!$B$2:$J$43,,MATCH($A5,'User-Product'!$B$1:$J$1,0)), INDEX('User-Product'!$B$2:$J$43,,MATCH(F$1,'User-Product'!$B$1:$J$1,0)) )} -> 6 | G5: {=SUMPRODUCT( INDEX('User-Product'!$B$2:$J$43,,MATCH($A5,'User-Product'!$B$1:$J$1,0)), INDEX('User-Product'!$B$2:$J$43,,MATCH(G$1,'User-Product'!$B$1:$J$1,0)) )} -> 6 | H5: {=SUMPRODUCT( INDEX('User-Product'!$B$2:$J$43,,MATCH($A5,'User-Product'!$B$1:$J$1,0)), INDEX('User-Product'!$B$2:$J$43,,MATCH(H$1,'User-Product'!$B$1:$J$1,0)) )} -> 5 | I5: {=SUMPRODUCT( INDEX('User-Product'!$B$2:$J$43,,MATCH($A5,'User-Product'!$B$1:$J$1,0)), INDEX('User-Product'!$B$2:$J$43,,MATCH(I$1,'User-Product'!$B$1:$J$1,0)) )} -> 4 | J5: {=SUMPRODUCT( INDEX('User-Product'!$B$2:$J$43,,MATCH($A5,'User-Product'!$B$1:$J$1,0)), INDEX('User-Product'!$B$2:$J$43,,MATCH(J$1,'User-Product'!$B$1:$J$1,0)) )} -> 7
A6: Bumblebee | B6: {=SUMPRODUCT( INDEX('User-Product'!$B$2:$J$43,,MATCH($A6,'User-Product'!$B$1:$J$1,0)), INDEX('User-Product'!$B$2:$J$43,,MATCH(B$1,'User-Product'!$B$1:$J$1,0)) )} -> 8 | C6: {=SUMPRODUCT( INDEX('User-Product'!$B$2:$J$43,,MATCH($A6,'User-Product'!$B$1:$J$1,0)), INDEX('User-Product'!$B$2:$J$43,,MATCH(C$1,'User-Product'!$B$1:$J$1,0)) )} -> 8 | D6: {=SUMPRODUCT( INDEX('User-Product'!$B$2:$J$43,,MATCH($A6,'User-Product'!$B$1:$J$1,0)), INDEX('User-Product'!$B$2:$J$43,,MATCH(D$1,'User-Product'!$B$1:$J$1,0)) )} -> 5 | E6: {=SUMPRODUCT( INDEX('User-Product'!$B$2:$J$43,,MATCH($A6,'User-Product'!$B$1:$J$1,0)), INDEX('User-Product'!$B$2:$J$43,,MATCH(E$1,'User-Product'!$B$1:$J$1,0)) )} -> 6 | F6: {=SUMPRODUCT( INDEX('User-Product'!$B$2:$J$43,,MATCH($A6,'User-Product'!$B$1:$J$1,0)), INDEX('User-Product'!$B$2:$J$43,,MATCH(F$1,'User-Product'!$B$1:$J$1,0)) )} -> 15 | G6: {=SUMPRODUCT( INDEX('User-Product'!$B$2:$J$43,,MATCH($A6,'User-Product'!$B$1:$J$1,0)), INDEX('User-Product'!$B$2:$J$43,,MATCH(G$1,'User-Product'!$B$1:$J$1,0)) )} -> 11 | H6: {=SUMPRODUCT( INDEX('User-Product'!$B$2:$J$43,,MATCH($A6,'User-Product'!$B$1:$J$1,0)), INDEX('User-Product'!$B$2:$J$43,,MATCH(H$1,'User-Product'!$B$1:$J$1,0)) )} -> 5 | I6: {=SUMPRODUCT( INDEX('User-Product'!$B$2:$J$43,,MATCH($A6,'User-Product'!$B$1:$J$1,0)), INDEX('User-Product'!$B$2:$J$43,,MATCH(I$1,'User-Product'!$B$1:$J$1,0)) )} -> 6 | J6: {=SUMPRODUCT( INDEX('User-Product'!$B$2:$J$43,,MATCH($A6,'User-Product'!$B$1:$J$1,0)), INDEX('User-Product'!$B$2:$J$43,,MATCH(J$1,'User-Product'!$B$1:$J$1,0)) )} -> 11
A7: Strawberry | B7: {=SUMPRODUCT( INDEX('User-Product'!$B$2:$J$43,,MATCH($A7,'User-Product'!$B$1:$J$1,0)), INDEX('User-Product'!$B$2:$J$43,,MATCH(B$1,'User-Product'!$B$1:$J$1,0)) )} -> 11 | C7: {=SUMPRODUCT( INDEX('User-Product'!$B$2:$J$43,,MATCH($A7,'User-Product'!$B$1:$J$1,0)), INDEX('User-Product'!$B$2:$J$43,,MATCH(C$1,'User-Product'!$B$1:$J$1,0)) )} -> 8 | D7: {=SUMPRODUCT( INDEX('User-Product'!$B$2:$J$43,,MATCH($A7,'User-Product'!$B$1:$J$1,0)), INDEX('User-Product'!$B$2:$J$43,,MATCH(D$1,'User-Product'!$B$1:$J$1,0)) )} -> 9 | E7: {=SUMPRODUCT( INDEX('User-Product'!$B$2:$J$43,,MATCH($A7,'User-Product'!$B$1:$J$1,0)), INDEX('User-Product'!$B$2:$J$43,,MATCH(E$1,'User-Product'!$B$1:$J$1,0)) )} -> 6 | F7: {=SUMPRODUCT( INDEX('User-Product'!$B$2:$J$43,,MATCH($A7,'User-Product'!$B$1:$J$1,0)), INDEX('User-Product'!$B$2:$J$43,,MATCH(F$1,'User-Product'!$B$1:$J$1,0)) )} -> 11 | G7: {=SUMPRODUCT( INDEX('User-Product'!$B$2:$J$43,,MATCH($A7,'User-Product'!$B$1:$J$1,0)), INDEX('User-Product'!$B$2:$J$43,,MATCH(G$1,'User-Product'!$B$1:$J$1,0)) )} -> 21 | H7: {=SUMPRODUCT( INDEX('User-Product'!$B$2:$J$43,,MATCH($A7,'User-Product'!$B$1:$J$1,0)), INDEX('User-Product'!$B$2:$J$43,,MATCH(H$1,'User-Product'!$B$1:$J$1,0)) )} -> 7 | I7: {=SUMPRODUCT( INDEX('User-Product'!$B$2:$J$43,,MATCH($A7,'User-Product'!$B$1:$J$1,0)), INDEX('User-Product'!$B$2:$J$43,,MATCH(I$1,'User-Product'!$B$1:$J$1,0)) )} -> 5 | J7: {=SUMPRODUCT( INDEX('User-Product'!$B$2:$J$43,,MATCH($A7,'User-Product'!$B$1:$J$1,0)), INDEX('User-Product'!$B$2:$J$43,,MATCH(J$1,'User-Product'!$B$1:$J$1,0)) )} -> 11
A8: Winter Pajama | B8: {=SUMPRODUCT( INDEX('User-Product'!$B$2:$J$43,,MATCH($A8,'User-Product'!$B$1:$J$1,0)), INDEX('User-Product'!$B$2:$J$43,,MATCH(B$1,'User-Product'!$B$1:$J$1,0)) )} -> 8 | C8: {=SUMPRODUCT( INDEX('User-Product'!$B$2:$J$43,,MATCH($A8,'User-Product'!$B$1:$J$1,0)), INDEX('User-Product'!$B$2:$J$43,,MATCH(C$1,'User-Product'!$B$1:$J$1,0)) )} -> 4 | D8: {=SUMPRODUCT( INDEX('User-Product'!$B$2:$J$43,,MATCH($A8,'User-Product'!$B$1:$J$1,0)), INDEX('User-Product'!$B$2:$J$43,,MATCH(D$1,'User-Product'!$B$1:$J$1,0)) )} -> 3 | E8: {=SUMPRODUCT( INDEX('User-Product'!$B$2:$J$43,,MATCH($A8,'User-Product'!$B$1:$J$1,0)), INDEX('User-Product'!$B$2:$J$43,,MATCH(E$1,'User-Product'!$B$1:$J$1,0)) )} -> 5 | F8: {=SUMPRODUCT( INDEX('User-Product'!$B$2:$J$43,,MATCH($A8,'User-Product'!$B$1:$J$1,0)), INDEX('User-Product'!$B$2:$J$43,,MATCH(F$1,'User-Product'!$B$1:$J$1,0)) )} -> 5 | G8: {=SUMPRODUCT( INDEX('User-Product'!$B$2:$J$43,,MATCH($A8,'User-Product'!$B$1:$J$1,0)), INDEX('User-Product'!$B$2:$J$43,,MATCH(G$1,'User-Product'!$B$1:$J$1,0)) )} -> 7 | H8: {=SUMPRODUCT( INDEX('User-Product'!$B$2:$J$43,,MATCH($A8,'User-Product'!$B$1:$J$1,0)), INDEX('User-Product'!$B$2:$J$43,,MATCH(H$1,'User-Product'!$B$1:$J$1,0)) )} -> 9 | I8: {=SUMPRODUCT( INDEX('User-Product'!$B$2:$J$43,,MATCH($A8,'User-Product'!$B$1:$J$1,0)), INDEX('User-Product'!$B$2:$J$43,,MATCH(I$1,'User-Product'!$B$1:$J$1,0)) )} -> 5 | J8: {=SUMPRODUCT( INDEX('User-Product'!$B$2:$J$43,,MATCH($A8,'User-Product'!$B$1:$J$1,0)), INDEX('User-Product'!$B$2:$J$43,,MATCH(J$1,'User-Product'!$B$1:$J$1,0)) )} -> 4
A9: Bedtime | B9: {=SUMPRODUCT( INDEX('User-Product'!$B$2:$J$43,,MATCH($A9,'User-Product'!$B$1:$J$1,0)), INDEX('User-Product'!$B$2:$J$43,,MATCH(B$1,'User-Product'!$B$1:$J$1,0)) )} -> 6 | C9: {=SUMPRODUCT( INDEX('User-Product'!$B$2:$J$43,,MATCH($A9,'User-Product'!$B$1:$J$1,0)), INDEX('User-Product'!$B$2:$J$43,,MATCH(C$1,'User-Product'!$B$1:$J$1,0)) )} -> 5 | D9: {=SUMPRODUCT( INDEX('User-Product'!$B$2:$J$43,,MATCH($A9,'User-Product'!$B$1:$J$1,0)), INDEX('User-Product'!$B$2:$J$43,,MATCH(D$1,'User-Product'!$B$1:$J$1,0)) )} -> 4 | E9: {=SUMPRODUCT( INDEX('User-Product'!$B$2:$J$43,,MATCH($A9,'User-Product'!$B$1:$J$1,0)), INDEX('User-Product'!$B$2:$J$43,,MATCH(E$1,'User-Product'!$B$1:$J$1,0)) )} -> 4 | F9: {=SUMPRODUCT( INDEX('User-Product'!$B$2:$J$43,,MATCH($A9,'User-Product'!$B$1:$J$1,0)), INDEX('User-Product'!$B$2:$J$43,,MATCH(F$1,'User-Product'!$B$1:$J$1,0)) )} -> 6 | G9: {=SUMPRODUCT( INDEX('User-Product'!$B$2:$J$43,,MATCH($A9,'User-Product'!$B$1:$J$1,0)), INDEX('User-Product'!$B$2:$J$43,,MATCH(G$1,'User-Product'!$B$1:$J$1,0)) )} -> 5 | H9: {=SUMPRODUCT( INDEX('User-Product'!$B$2:$J$43,,MATCH($A9,'User-Product'!$B$1:$J$1,0)), INDEX('User-Product'!$B$2:$J$43,,MATCH(H$1,'User-Product'!$B$1:$J$1,0)) )} -> 5 | I9: {=SUMPRODUCT( INDEX('User-Product'!$B$2:$J$43,,MATCH($A9,'User-Product'!$B$1:$J$1,0)), INDEX('User-Product'!$B$2:$J$43,,MATCH(I$1,'User-Product'!$B$1:$J$1,0)) )} -> 8 | J9: {=SUMPRODUCT( INDEX('User-Product'!$B$2:$J$43,,MATCH($A9,'User-Product'!$B$1:$J$1,0)), INDEX('User-Product'!$B$2:$J$43,,MATCH(J$1,'User-Product'!$B$1:$J$1,0)) )} -> 5
A10: Pumpkin | B10: {=SUMPRODUCT( INDEX('User-Product'!$B$2:$J$43,,MATCH($A10,'User-Product'!$B$1:$J$1,0)), INDEX('User-Product'!$B$2:$J$43,,MATCH(B$1,'User-Product'!$B$1:$J$1,0)) )} -> 7 | C10: {=SUMPRODUCT( INDEX('User-Product'!$B$2:$J$43,,MATCH($A10,'User-Product'!$B$1:$J$1,0)), INDEX('User-Product'!$B$2:$J$43,,MATCH(C$1,'User-Product'!$B$1:$J$1,0)) )} -> 10 | D10: {=SUMPRODUCT( INDEX('User-Product'!$B$2:$J$43,,MATCH($A10,'User-Product'!$B$1:$J$1,0)), INDEX('User-Product'!$B$2:$J$43,,MATCH(D$1,'User-Product'!$B$1:$J$1,0)) )} -> 6 | E10: {=SUMPRODUCT( INDEX('User-Product'!$B$2:$J$43,,MATCH($A10,'User-Product'!$B$1:$J$1,0)), INDEX('User-Product'!$B$2:$J$43,,MATCH(E$1,'User-Product'!$B$1:$J$1,0)) )} -> 7 | F10: {=SUMPRODUCT( INDEX('User-Product'!$B$2:$J$43,,MATCH($A10,'User-Product'!$B$1:$J$1,0)), INDEX('User-Product'!$B$2:$J$43,,MATCH(F$1,'User-Product'!$B$1:$J$1,0)) )} -> 11 | G10: {=SUMPRODUCT( INDEX('User-Product'!$B$2:$J$43,,MATCH($A10,'User-Product'!$B$1:$J$1,0)), INDEX('User-Product'!$B$2:$J$43,,MATCH(G$1,'User-Product'!$B$1:$J$1,0)) )} -> 11 | H10: {=SUMPRODUCT( INDEX('User-Product'!$B$2:$J$43,,MATCH($A10,'User-Product'!$B$1:$J$1,0)), INDEX('User-Product'!$B$2:$J$43,,MATCH(H$1,'User-Product'!$B$1:$J$1,0)) )} -> 4 | I10: {=SUMPRODUCT( INDEX('User-Product'!$B$2:$J$43,,MATCH($A10,'User-Product'!$B$1:$J$1,0)), INDEX('User-Product'!$B$2:$J$43,,MATCH(I$1,'User-Product'!$B$1:$J$1,0)) )} -> 5 | J10: {=SUMPRODUCT( INDEX('User-Product'!$B$2:$J$43,,MATCH($A10,'User-Product'!$B$1:$J$1,0)), INDEX('User-Product'!$B$2:$J$43,,MATCH(J$1,'User-Product'!$B$1:$J$1,0)) )} -> 16
A13: =C11
A14: =C12

Sheet User-User_Gephi_Node
A1: ID | B1: Label | C1: Degree | D1: Weighted Degree | E1: Clustering Coefficient | F1: Number of Triangles | G1: Eccentricity | H1: Closeness Centrality | I1: Harmonic Closeness Centrality | J1: Betweenness Centrality | K1: Modularity Class
A2: C16 | B2: C16 | C2: 11 | D2: 22 | E2: 1 | F2: 55 | G2: 2 | H2: 0.57746479 | I2: 0.63414634 | J2: 0 | K2: 0
A3: C4 | B3: C4 | C3: 17 | D3: 34 | E3: 1 | F3: 136 | G3: 2 | H3: 0.63076923 | I3: 0.70731707 | J3: 0 | K3: 0
A4: C35 | B4: C35 | C4: 17 | D4: 34 | E4: 1 | F4: 136 | G4: 2 | H4: 0.63076923 | I4: 0.70731707 | J4: 0 | K4: 0
A5: C40 | B5: C40 | C5: 17 | D5: 34 | E5: 1 | F5: 136 | G5: 2 | H5: 0.63076923 | I5: 0.70731707 | J5: 0 | K5: 0
A6: C11 | B6: C11 | C6: 20 | D6: 40 | E6: 1 | F6: 190 | G6: 2 | H6: 0.66129032 | I6: 0.74390244 | J6: 0 | K6: 0
A7: C13 | B7: C13 | C7: 20 | D7: 40 | E7: 1 | F7: 190 | G7: 2 | H7: 0.66129032 | I7: 0.74390244 | J7: 0 | K7: 0
A8: C21 | B8: C21 | C8: 8 | D8: 16 | E8: 1 | F8: 28 | G8: 2 | H8: 0.55405405 | I8: 0.59756098 | J8: 0 | K8: 1
A9: C12 | B9: C12 | C9: 21 | D9: 42 | E9: 1 | F9: 210 | G9: 2 | H9: 0.67213115 | I9: 0.75609756 | J9: 0 | K9: 1
A10: C22 | B10: C22 | C10: 21 | D10: 42 | E10: 1 | F10: 210 | G10: 2 | H10: 0.67213115 | I10: 0.75609756 | J10: 0 | K10: 1
A11: C23 | B11: C23 | C11: 21 | D11: 42 | E11: 1 | F11: 210 | G11: 2 | H11: 0.67213115 | I11: 0.75609756 | J11: 0 | K11: 1
A12: C25 | B12: C25 | C12: 21 | D12: 42 | E12: 1 | F12: 210 | G12: 2 | H12: 0.67213115 | I12: 0.75609756 | J12: 0 | K12: 1
A13: C26 | B13: C26 | C13: 21 | D13: 42 | E13: 1 | F13: 210 | G13: 2 | H13: 0.67213115 | I13: 0.75609756 | J13: 0 | K13: 1
... A43: C31 | B43: C31 | C43: 41 | D43: 242 | E43: 0.64146341 | F43: 526 | G43: 1 | H43: 1 | I43: 1 | J43: 28.275401 | K43: 0

Sheet Sheet7
B1: C1 | C1: C2 | D1: C3 | E1: C4 | F1: C5 | G1: C6 | H1: C7 | I1: C8 | J1: C9 | K1: C10 | L1: C11 | M1: C12 | N1: C13 | O1: C14 | P1: C15 | Q1: C16 | R1: C17 | S1: C18 | T1: C19 | U1: C20 | V1: C21 | W1: C22 | X1: C23 | Y1: C24 | Z1: C25 | AA1: C26 | AB1: C27 | AC1: C28 | AD1: C29 | AE1: C30 | AF1: C31 | AG1: C32 | AH1: C33 | AI1: C34 | AJ1: C35 | AK1: C36 | AL1: C37 | AM1: C38 | AN1: C39 | AO1: C40 | AP1: C41 | AQ1: C42
A2: C1 | B2: 3 | C2: 1 | D2: 1 | E2: 0 | F2: 3 | G2: 1 | H2: 2 | I2: 2 | J2: 2 | K2: 2 | L2: 1 | M2: 1 | N2: 1 | O2: 1 | P2: 0 | Q2: 0 | R2: 1 | S2: 1 | T2: 2 | U2: 1 | V2: 0 | W2: 1 | X2: 1 | Y2: 2 | Z2: 1 | AA2: 1 | AB2: 3 | AC2: 2 | AD2: 1 | AE2: 3 | AF2: 3 | AG2: 0 | AH2: 1 | AI2: 1 | AJ2: 0 | AK2: 1 | AL2: 3 | AM2: 1 | AN2: 3 | AO2: 0 | AP2: 2 | AQ2: 2
A3: C2 | B3: 1 | C3: 3 | D3: 0 | E3: 0 | F3: 3 | G3: 1 | H3: 2 | I3: 1 | J3: 1 | K3: 1 | L3: 0 | M3: 1 | N3: 0 | O3: 1 | P3: 1 | Q3: 0 | R3: 0 | S3: 1 | T3: 2 | U3: 2 | V3: 0 | W3: 1 | X3: 1 | Y3: 1 | Z3: 1 | AA3: 1 | AB3: 3 | AC3: 1 | AD3: 1 | AE3: 1 | AF3: 3 | AG3: 0 | AH3: 1 | AI3: 1 | AJ3: 0 | AK3: 1 | AL3: 2 | AM3: 1 | AN3: 2 | AO3: 0 | AP3: 1 | AQ3: 2
A4: C3 | B4: 1 | C4: 0 | D4: 2 | E4: 0 | F4: 2 | G4: 1 | H4: 1 | I4: 1 | J4: 2 | K4: 1 | L4: 1 | M4: 0 | N4: 1 | O4: 0 | P4: 1 | Q4: 1 | R4: 2 | S4: 0 | T4: 0 | U4: 0 | V4: 0 | W4: 0 | X4: 0 | Y4: 1 | Z4: 0 | AA4: 0 | AB4: 1 | AC4: 2 | AD4: 2 | AE4: 1 | AF4: 2 | AG4: 1 | AH4: 0 | AI4: 0 | AJ4: 0 | AK4: 0 | AL4: 1 | AM4: 0 | AN4: 2 | AO4: 0 | AP4: 1 | AQ4: 2
A5: C4 | B5: 0 | C5: 0 | D5: 0 | E5: 1 | F5: 1 | G5: 0 | H5: 1 | I5: 1 | J5: 1 | K5: 0 | L5: 0 | M5: 0 | N5: 0 | O5: 0 | P5: 1 | Q5: 0 | R5: 0 | S5: 1 | T5: 1 | U5: 1 | V5: 0 | W5: 0 | X5: 0 | Y5: 0 | Z5: 0 | AA5: 0 | AB5: 0 | AC5: 0 | AD5: 1 | AE5: 0 | AF5: 1 | AG5: 1 | AH5: 1 | AI5: 1 | AJ5: 1 | AK5: 0 | AL5: 0 | AM5: 0 | AN5: 1 | AO5: 1 | AP5: 0 | AQ5: 1
A6: C5 | B6: 3 | C6: 3 | D6: 2 | E6: 1 | F6: 9 | G6: 2 | H6: 6 | I6: 3 | J6: 6 | K6: 3 | L6: 1 | M6: 1 | N6: 1 | O6: 2 | P6: 3 | Q6: 1 | R6: 2 | S6: 3 | T6: 6 | U6: 4 | V6: 1 | W6: 1 | X6: 1 | Y6: 3 | Z6: 1 | AA6: 1 | AB6: 7 | AC6: 4 | AD6: 4 | AE6: 3 | AF6: 9 | AG6: 2 | AH6: 3 | AI6: 3 | AJ6: 1 | AK6: 1 | AL6: 5 | AM6: 1 | AN6: 7 | AO6: 1 | AP6: 3 | AQ6: 6
A7: C6 | B7: 1 | C7: 1 | D7: 1 | E7: 0 | F7: 2 | G7: 2 | H7: 2 | I7: 1 | J7: 2 | K7: 2 | L7: 1 | M7: 0 | N7: 1 | O7: 1 | P7: 0 | Q7: 0 | R7: 1 | S7: 0 | T7: 0 | U7: 1 | V7: 0 | W7: 0 | X7: 0 | Y7: 2 | Z7: 0 | AA7: 0 | AB7: 2 | AC7: 1 | AD7: 2 | AE7: 1 | AF7: 2 | AG7: 0 | AH7: 1 | AI7: 1 | AJ7: 0 | AK7: 0 | AL7: 1 | AM7: 0 | AN7: 2 | AO7: 0 | AP7: 1 | AQ7: 2
A8: C7 | B8: 2 | C8: 2 | D8: 1 | E8: 1 | F8: 6 | G8: 2 | H8: 6 | I8: 3 | J8: 4 | K8: 2 | L8: 1 | M8: 1 | N8: 1 | O8: 1 | P8: 1 | Q8: 0 | R8: 1 | S8: 3 | T8: 4 | U8: 4 | V8: 1 | W8: 1 | X8: 1 | Y8: 2 | Z8: 1 | AA8: 1 | AB8: 5 | AC8: 3 | AD8: 3 | AE8: 2 | AF8: 6 | AG8: 1 | AH8: 2 | AI8: 2 | AJ8: 1 | AK8: 1 | AL8: 3 | AM8: 1 | AN8: 5 | AO8: 1 | AP8: 3 | AQ8: 3
A9: C8 | B9: 2 | C9: 1 | D9: 1 | E9: 1 | F9: 3 | G9: 1 | H9: 3 | I9: 3 | J9: 2 | K9: 1 | L9: 1 | M9: 1 | N9: 1 | O9: 0 | P9: 1 | Q9: 0 | R9: 1 | S9: 2 | T9: 2 | U9: 2 | V9: 0 | W9: 1 | X9: 1 | Y9: 1 | Z9: 1 | AA9: 1 | AB9: 2 | AC9: 2 | AD9: 2 | AE9: 2 | AF9: 3 | AG9: 1 | AH9: 1 | AI9: 1 | AJ9: 1 | AK9: 1 | AL9: 2 | AM9: 1 | AN9: 3 | AO9: 1 | AP9: 2 | AQ9: 2
A10: C9 | B10: 2 | C10: 1 | D10: 2 | E10: 1 | F10: 6 | G10: 2 | H10: 4 | I10: 2 | J10: 6 | K10: 3 | L10: 1 | M10: 0 | N10: 1 | O10: 2 | P10: 2 | Q10: 1 | R10: 2 | S10: 2 | T10: 3 | U10: 3 | V10: 0 | W10: 0 | X10: 0 | Y10: 3 | Z10: 0 | AA10: 0 | AB10: 4 | AC10: 2 | AD10: 4 | AE10: 2 | AF10: 6 | AG10: 2 | AH10: 3 | AI10: 3 | AJ10: 1 | AK10: 0 | AL10: 2 | AM10: 0 | AN10: 6 | AO10: 1 | AP10: 1 | AQ10: 5
A11: C10 | B11: 2 | C11: 1 | D11: 1 | E11: 0 | F11: 3 | G11: 2 | H11: 2 | I11: 1 | J11: 3 | K11: 3 | L11: 1 | M11: 0 | N11: 1 | O11: 2 | P11: 0 | Q11: 0 | R11: 1 | S11: 0 | T11: 1 | U11: 1 | V11: 0 | W11: 0 | X11: 0 | Y11: 3 | Z11: 0 | AA11: 0 | AB11: 3 | AC11: 1 | AD11: 2 | AE11: 2 | AF11: 3 | AG11: 0 | AH11: 2 | AI11: 2 | AJ11: 0 | AK11: 0 | AL11: 2 | AM11: 0 | AN11: 3 | AO11: 0 | AP11: 1 | AQ11: 3
A12: C11 | B12: 1 | C12: 0 | D12: 1 | E12: 0 | F12: 1 | G12: 1 | H12: 1 | I12: 1 | J12: 1 | K12: 1 | L12: 1 | M12: 0 | N12: 1 | O12: 0 | P12: 0 | Q12: 0 | R12: 1 | S12: 0 | T12: 0 | U12: 0 | V12: 0 | W12: 0 | X12: 0 | Y12: 1 | Z12: 0 | AA12: 0 | AB12: 1 | AC12: 1 | AD12: 1 | AE12: 1 | AF12: 1 | AG12: 0 | AH12: 0 | AI12: 0 | AJ12: 0 | AK12: 0 | AL12: 1 | AM12: 0 | AN12: 1 | AO12: 0 | AP12: 1 | AQ12: 1
A13: C12 | B13: 1 | C13: 1 | D13: 0 | E13: 0 | F13: 1 | G13: 0 | H13: 1 | I13: 1 | J13: 0 | K13: 0 | L13: 0 | M13: 1 | N13: 0 | O13: 0 | P13: 0 | Q13: 0 | R13: 0 | S13: 1 | T13: 1 | U13: 1 | V13: 0 | W13: 1 | X13: 1 | Y13: 0 | Z13: 1 | AA13: 1 | AB13: 1 | AC13: 1 | AD13: 0 | AE13: 1 | AF13: 1 | AG13: 0 | AH13: 0 | AI13: 0 | AJ13: 0 | AK13: 1 | AL13: 1 | AM13: 1 | AN13: 1 | AO13: 0 | AP13: 1 | AQ13: 0
... A43: C42 | B43: 2 | C43: 2 | D43: 2 | E43: 1 | F43: 6 | G43: 2 | H43: 3 | I43: 2 | J43: 5 | K43: 3 | L43: 1 | M43: 0 | N43: 1 | O43: 2 | P43: 3 | Q43: 1 | R43: 2 | S43: 1 | T43: 3 | U43: 2 | V43: 0 | W43: 0 | X43: 0 | Y43: 3 | Z43: 0 | AA43: 0 | AB43: 4 | AC43: 2 | AD43: 4 | AE43: 2 | AF43: 6 | AG43: 2 | AH43: 3 | AI43: 3 | AJ43: 1 | AK43: 0 | AL43: 3 | AM43: 0 | AN43: 5 | AO43: 1 | AP43: 1 | AQ43: 6
